First name,Last name,Recipient,IEEE Section,ID,Discount amount,Email Sent
Akshay,,qnqfmqoftcjajwrwnl@miucce.com,777,1,,
Akshay,,qnqfmqoftcjajwrwnl@miucce.com,778,2,,
Akshay,,qnqfmqoftcjajwrwnl@miucce.com,779,3,,
Akshay,,qnqfmqoftcjajwrwnl@miucce.com,780,4,,
Akshay,,qnqfmqoftcjajwrwnl@miucce.com,781,5,,
Akshay,,qnqfmqoftcjajwrwnl@miucce.com,782,6,,
Akshay,,qnqfmqoftcjajwrwnl@miucce.com,783,7,,
Akshay,,qnqfmqoftcjajwrwnl@miucce.com,784,8,,
Akshay,,qnqfmqoftcjajwrwnl@miucce.com,785,9,,
Akshay,,qnqfmqoftcjajwrwnl@miucce.com,786,10,,
Akshay,,qnqfmqoftcjajwrwnl@miucce.com,787,11,,
Akshay,,qnqfmqoftcjajwrwnl@miucce.com,788,12,,
Akshay,,qnqfmqoftcjajwrwnl@miucce.com,789,13,,
Akshay,,qnqfmqoftcjajwrwnl@miucce.com,790,14,,
Akshay,,qnqfmqoftcjajwrwnl@miucce.com,791,15,,
Akshay,,qnqfmqoftcjajwrwnl@miucce.com,792,16,,
Akshay,,qnqfmqoftcjajwrwnl@miucce.com,793,17,,
Akshay,,qnqfmqoftcjajwrwnl@miucce.com,794,18,,
Akshay,,qnqfmqoftcjajwrwnl@miucce.com,795,19,,
Akshay,,qnqfmqoftcjajwrwnl@miucce.com,796,20,,
Akshay,,qnqfmqoftcjajwrwnl@miucce.com,797,21,,
Akshay,,qnqfmqoftcjajwrwnl@miucce.com,798,22,,
Akshay,,qnqfmqoftcjajwrwnl@miucce.com,799,23,,
Akshay,,qnqfmqoftcjajwrwnl@miucce.com,800,24,,
Akshay,,qnqfmqoftcjajwrwnl@miucce.com,801,25,,
Akshay,,qnqfmqoftcjajwrwnl@miucce.com,802,26,,
Akshay,,qnqfmqoftcjajwrwnl@miucce.com,803,27,,
Akshay,,qnqfmqoftcjajwrwnl@miucce.com,804,28,,
Akshay,,qnqfmqoftcjajwrwnl@miucce.com,805,29,,
Akshay,,qnqfmqoftcjajwrwnl@miucce.com,806,30,,
Akshay,,qnqfmqoftcjajwrwnl@miucce.com,807,31,,
Akshay,,qnqfmqoftcjajwrwnl@miucce.com,808,32,,
Akshay,,qnqfmqoftcjajwrwnl@miucce.com,809,33,,
Akshay,,qnqfmqoftcjajwrwnl@miucce.com,810,34,,
Akshay,,qnqfmqoftcjajwrwnl@miucce.com,811,35,,
Akshay,,qnqfmqoftcjajwrwnl@miucce.com,812,36,,
Akshay,,qnqfmqoftcjajwrwnl@miucce.com,813,37,,
Akshay,,qnqfmqoftcjajwrwnl@miucce.com,814,38,,
Akshay,,qnqfmqoftcjajwrwnl@miucce.com,815,39,,
Akshay,,qnqfmqoftcjajwrwnl@miucce.com,816,40,,
Akshay,,qnqfmqoftcjajwrwnl@miucce.com,817,41,,
Akshay,,qnqfmqoftcjajwrwnl@miucce.com,818,42,,
Akshay,,qnqfmqoftcjajwrwnl@miucce.com,819,43,,
Akshay,,qnqfmqoftcjajwrwnl@miucce.com,820,44,,
Akshay,,qnqfmqoftcjajwrwnl@miucce.com,821,45,,
Akshay,,qnqfmqoftcjajwrwnl@miucce.com,822,46,,
Akshay,,qnqfmqoftcjajwrwnl@miucce.com,823,47,,
Akshay,,qnqfmqoftcjajwrwnl@miucce.com,824,48,,
Akshay,,qnqfmqoftcjajwrwnl@miucce.com,825,49,,
Akshay,,qnqfmqoftcjajwrwnl@miucce.com,826,50,,
Akshay,,qnqfmqoftcjajwrwnl@miucce.com,827,51,,
Akshay,,qnqfmqoftcjajwrwnl@miucce.com,828,52,,
Akshay,,qnqfmqoftcjajwrwnl@miucce.com,829,53,,
Akshay,,qnqfmqoftcjajwrwnl@miucce.com,830,54,,
Akshay,,qnqfmqoftcjajwrwnl@miucce.com,831,55,,
Akshay,,qnqfmqoftcjajwrwnl@miucce.com,832,56,,
Akshay,,qnqfmqoftcjajwrwnl@miucce.com,833,57,,
Akshay,,qnqfmqoftcjajwrwnl@miucce.com,834,58,,
Akshay,,qnqfmqoftcjajwrwnl@miucce.com,835,59,,
Akshay,,qnqfmqoftcjajwrwnl@miucce.com,836,60,,
Akshay,,qnqfmqoftcjajwrwnl@miucce.com,837,61,,
Akshay,,qnqfmqoftcjajwrwnl@miucce.com,838,62,,
Akshay,,qnqfmqoftcjajwrwnl@miucce.com,839,63,,
Akshay,,qnqfmqoftcjajwrwnl@miucce.com,840,64,,
Akshay,,qnqfmqoftcjajwrwnl@miucce.com,841,65,,
Akshay,,qnqfmqoftcjajwrwnl@miucce.com,842,66,,
Akshay,,qnqfmqoftcjajwrwnl@miucce.com,843,67,,
Akshay,,qnqfmqoftcjajwrwnl@miucce.com,844,68,,
Akshay,,qnqfmqoftcjajwrwnl@miucce.com,845,69,,
Akshay,,qnqfmqoftcjajwrwnl@miucce.com,846,70,,
Akshay,,qnqfmqoftcjajwrwnl@miucce.com,847,71,,
Akshay,,qnqfmqoftcjajwrwnl@miucce.com,848,72,,
Akshay,,qnqfmqoftcjajwrwnl@miucce.com,849,73,,
Akshay,,qnqfmqoftcjajwrwnl@miucce.com,850,74,,
Akshay,,qnqfmqoftcjajwrwnl@miucce.com,851,75,,
Akshay,,qnqfmqoftcjajwrwnl@miucce.com,852,76,,
Akshay,,qnqfmqoftcjajwrwnl@miucce.com,853,77,,
Akshay,,qnqfmqoftcjajwrwnl@miucce.com,854,78,,
Akshay,,qnqfmqoftcjajwrwnl@miucce.com,855,79,,
Akshay,,qnqfmqoftcjajwrwnl@miucce.com,856,80,,
Akshay,,qnqfmqoftcjajwrwnl@miucce.com,857,81,,
Akshay,,qnqfmqoftcjajwrwnl@miucce.com,858,82,,
Akshay,,qnqfmqoftcjajwrwnl@miucce.com,859,83,,
Akshay,,qnqfmqoftcjajwrwnl@miucce.com,860,84,,
Akshay,,qnqfmqoftcjajwrwnl@miucce.com,861,85,,
Akshay,,qnqfmqoftcjajwrwnl@miucce.com,862,86,,
Akshay,,qnqfmqoftcjajwrwnl@miucce.com,863,87,,
Akshay,,qnqfmqoftcjajwrwnl@miucce.com,864,88,,
Akshay,,qnqfmqoftcjajwrwnl@miucce.com,865,89,,
Akshay,,qnqfmqoftcjajwrwnl@miucce.com,866,90,,
Akshay,,qnqfmqoftcjajwrwnl@miucce.com,867,91,,
Akshay,,qnqfmqoftcjajwrwnl@miucce.com,868,92,,
Akshay,,qnqfmqoftcjajwrwnl@miucce.com,869,93,,
Akshay,,qnqfmqoftcjajwrwnl@miucce.com,870,94,,
Akshay,,qnqfmqoftcjajwrwnl@miucce.com,871,95,,
Akshay,,qnqfmqoftcjajwrwnl@miucce.com,872,96,,
Akshay,,qnqfmqoftcjajwrwnl@miucce.com,873,97,,
Akshay,,qnqfmqoftcjajwrwnl@miucce.com,874,98,,
Akshay,,qnqfmqoftcjajwrwnl@miucce.com,875,99,,
Akshay,,qnqfmqoftcjajwrwnl@miucce.com,876,100,,
Akshay,,qnqfmqoftcjajwrwnl@miucce.com,877,101,,
Akshay,,qnqfmqoftcjajwrwnl@miucce.com,878,102,,
Akshay,,qnqfmqoftcjajwrwnl@miucce.com,879,103,,
Akshay,,qnqfmqoftcjajwrwnl@miucce.com,880,104,,
Akshay,,qnqfmqoftcjajwrwnl@miucce.com,881,105,,
Akshay,,qnqfmqoftcjajwrwnl@miucce.com,882,106,,
Akshay,,qnqfmqoftcjajwrwnl@miucce.com,883,107,,
Akshay,,qnqfmqoftcjajwrwnl@miucce.com,884,108,,
Akshay,,qnqfmqoftcjajwrwnl@miucce.com,885,109,,
Akshay,,qnqfmqoftcjajwrwnl@miucce.com,886,110,,
Akshay,,qnqfmqoftcjajwrwnl@miucce.com,887,111,,
Akshay,,qnqfmqoftcjajwrwnl@miucce.com,888,112,,
Akshay,,qnqfmqoftcjajwrwnl@miucce.com,889,113,,
Akshay,,qnqfmqoftcjajwrwnl@miucce.com,890,114,,
Akshay,,qnqfmqoftcjajwrwnl@miucce.com,891,115,,
Akshay,,qnqfmqoftcjajwrwnl@miucce.com,892,116,,
Akshay,,qnqfmqoftcjajwrwnl@miucce.com,893,117,,
Akshay,,qnqfmqoftcjajwrwnl@miucce.com,894,118,,
Akshay,,qnqfmqoftcjajwrwnl@miucce.com,895,119,,
Akshay,,qnqfmqoftcjajwrwnl@miucce.com,896,120,,
Akshay,,qnqfmqoftcjajwrwnl@miucce.com,897,121,,
Akshay,,qnqfmqoftcjajwrwnl@miucce.com,898,122,,
Akshay,,qnqfmqoftcjajwrwnl@miucce.com,899,123,,
Akshay,,qnqfmqoftcjajwrwnl@miucce.com,900,124,,
Akshay,,qnqfmqoftcjajwrwnl@miucce.com,901,125,,
Akshay,,qnqfmqoftcjajwrwnl@miucce.com,902,126,,
Akshay,,qnqfmqoftcjajwrwnl@miucce.com,903,127,,
Akshay,,qnqfmqoftcjajwrwnl@miucce.com,904,128,,
Akshay,,qnqfmqoftcjajwrwnl@miucce.com,905,129,,
Akshay,,qnqfmqoftcjajwrwnl@miucce.com,906,130,,
Akshay,,qnqfmqoftcjajwrwnl@miucce.com,907,131,,
Akshay,,qnqfmqoftcjajwrwnl@miucce.com,908,132,,
Akshay,,qnqfmqoftcjajwrwnl@miucce.com,909,133,,
Akshay,,qnqfmqoftcjajwrwnl@miucce.com,910,134,,
Akshay,,qnqfmqoftcjajwrwnl@miucce.com,911,135,,
Akshay,,qnqfmqoftcjajwrwnl@miucce.com,912,136,,
Akshay,,qnqfmqoftcjajwrwnl@miucce.com,913,137,,
Akshay,,qnqfmqoftcjajwrwnl@miucce.com,914,138,,
Akshay,,qnqfmqoftcjajwrwnl@miucce.com,915,139,,
Akshay,,qnqfmqoftcjajwrwnl@miucce.com,916,140,,
Akshay,,qnqfmqoftcjajwrwnl@miucce.com,917,141,,
Akshay,,qnqfmqoftcjajwrwnl@miucce.com,918,142,,
Akshay,,qnqfmqoftcjajwrwnl@miucce.com,919,143,,
Akshay,,qnqfmqoftcjajwrwnl@miucce.com,920,144,,
Akshay,,qnqfmqoftcjajwrwnl@miucce.com,921,145,,
Akshay,,qnqfmqoftcjajwrwnl@miucce.com,922,146,,
Akshay,,qnqfmqoftcjajwrwnl@miucce.com,923,147,,
Akshay,,qnqfmqoftcjajwrwnl@miucce.com,924,148,,
Akshay,,qnqfmqoftcjajwrwnl@miucce.com,925,149,,
Akshay,,qnqfmqoftcjajwrwnl@miucce.com,926,150,,
Akshay,,qnqfmqoftcjajwrwnl@miucce.com,927,151,,
Akshay,,qnqfmqoftcjajwrwnl@miucce.com,928,152,,
Akshay,,qnqfmqoftcjajwrwnl@miucce.com,929,153,,
Akshay,,qnqfmqoftcjajwrwnl@miucce.com,930,154,,
Akshay,,qnqfmqoftcjajwrwnl@miucce.com,931,155,,
Akshay,,qnqfmqoftcjajwrwnl@miucce.com,932,156,,
Akshay,,qnqfmqoftcjajwrwnl@miucce.com,933,157,,
Akshay,,qnqfmqoftcjajwrwnl@miucce.com,934,158,,
Akshay,,qnqfmqoftcjajwrwnl@miucce.com,935,159,,
Akshay,,qnqfmqoftcjajwrwnl@miucce.com,936,160,,
Akshay,,qnqfmqoftcjajwrwnl@miucce.com,937,161,,
Akshay,,qnqfmqoftcjajwrwnl@miucce.com,938,162,,
Akshay,,qnqfmqoftcjajwrwnl@miucce.com,939,163,,
Akshay,,qnqfmqoftcjajwrwnl@miucce.com,940,164,,
Akshay,,qnqfmqoftcjajwrwnl@miucce.com,941,165,,
Akshay,,qnqfmqoftcjajwrwnl@miucce.com,942,166,,
Akshay,,qnqfmqoftcjajwrwnl@miucce.com,943,167,,
Akshay,,qnqfmqoftcjajwrwnl@miucce.com,944,168,,
Akshay,,qnqfmqoftcjajwrwnl@miucce.com,945,169,,
Akshay,,qnqfmqoftcjajwrwnl@miucce.com,946,170,,
Akshay,,qnqfmqoftcjajwrwnl@miucce.com,947,171,,
Akshay,,qnqfmqoftcjajwrwnl@miucce.com,948,172,,
Akshay,,qnqfmqoftcjajwrwnl@miucce.com,949,173,,
Akshay,,qnqfmqoftcjajwrwnl@miucce.com,950,174,,
Akshay,,qnqfmqoftcjajwrwnl@miucce.com,951,175,,
Akshay,,qnqfmqoftcjajwrwnl@miucce.com,952,176,,
Akshay,,qnqfmqoftcjajwrwnl@miucce.com,953,177,,
Akshay,,qnqfmqoftcjajwrwnl@miucce.com,954,178,,
Akshay,,qnqfmqoftcjajwrwnl@miucce.com,955,179,,
Akshay,,qnqfmqoftcjajwrwnl@miucce.com,956,180,,
Akshay,,qnqfmqoftcjajwrwnl@miucce.com,957,181,,
Akshay,,qnqfmqoftcjajwrwnl@miucce.com,958,182,,
Akshay,,qnqfmqoftcjajwrwnl@miucce.com,959,183,,
Akshay,,qnqfmqoftcjajwrwnl@miucce.com,960,184,,
Akshay,,qnqfmqoftcjajwrwnl@miucce.com,961,185,,
Akshay,,qnqfmqoftcjajwrwnl@miucce.com,962,186,,
Akshay,,qnqfmqoftcjajwrwnl@miucce.com,963,187,,
Akshay,,qnqfmqoftcjajwrwnl@miucce.com,964,188,,
Akshay,,qnqfmqoftcjajwrwnl@miucce.com,965,189,,
Akshay,,qnqfmqoftcjajwrwnl@miucce.com,966,190,,
Akshay,,qnqfmqoftcjajwrwnl@miucce.com,967,191,,
Akshay,,qnqfmqoftcjajwrwnl@miucce.com,968,192,,
Akshay,,qnqfmqoftcjajwrwnl@miucce.com,969,193,,
Akshay,,qnqfmqoftcjajwrwnl@miucce.com,970,194,,
Akshay,,qnqfmqoftcjajwrwnl@miucce.com,971,195,,
Akshay,,qnqfmqoftcjajwrwnl@miucce.com,972,196,,
Akshay,,qnqfmqoftcjajwrwnl@miucce.com,973,197,,
Akshay,,qnqfmqoftcjajwrwnl@miucce.com,974,198,,
Akshay,,qnqfmqoftcjajwrwnl@miucce.com,975,199,,
Akshay,,qnqfmqoftcjajwrwnl@miucce.com,976,200,,
Akshay,,qnqfmqoftcjajwrwnl@miucce.com,977,201,,
Akshay,,qnqfmqoftcjajwrwnl@miucce.com,978,202,,
Akshay,,qnqfmqoftcjajwrwnl@miucce.com,979,203,,
Akshay,,qnqfmqoftcjajwrwnl@miucce.com,980,204,,
Akshay,,qnqfmqoftcjajwrwnl@miucce.com,981,205,,
Akshay,,qnqfmqoftcjajwrwnl@miucce.com,982,206,,
Akshay,,qnqfmqoftcjajwrwnl@miucce.com,983,207,,
Akshay,,qnqfmqoftcjajwrwnl@miucce.com,984,208,,
Akshay,,qnqfmqoftcjajwrwnl@miucce.com,985,209,,
Akshay,,qnqfmqoftcjajwrwnl@miucce.com,986,210,,
Akshay,,qnqfmqoftcjajwrwnl@miucce.com,987,211,,
Akshay,,qnqfmqoftcjajwrwnl@miucce.com,988,212,,
Akshay,,qnqfmqoftcjajwrwnl@miucce.com,989,213,,
Akshay,,qnqfmqoftcjajwrwnl@miucce.com,990,214,,
Akshay,,qnqfmqoftcjajwrwnl@miucce.com,991,215,,
Akshay,,qnqfmqoftcjajwrwnl@miucce.com,992,216,,
Akshay,,qnqfmqoftcjajwrwnl@miucce.com,993,217,,
Akshay,,qnqfmqoftcjajwrwnl@miucce.com,994,218,,
Akshay,,qnqfmqoftcjajwrwnl@miucce.com,995,219,,
Akshay,,qnqfmqoftcjajwrwnl@miucce.com,996,220,,
Akshay,,qnqfmqoftcjajwrwnl@miucce.com,997,221,,
Akshay,,qnqfmqoftcjajwrwnl@miucce.com,998,222,,
Akshay,,qnqfmqoftcjajwrwnl@miucce.com,999,223,,
Akshay,,qnqfmqoftcjajwrwnl@miucce.com,1000,224,,
Akshay,,qnqfmqoftcjajwrwnl@miucce.com,1001,225,,
Akshay,,qnqfmqoftcjajwrwnl@miucce.com,1002,226,,
Akshay,,qnqfmqoftcjajwrwnl@miucce.com,1003,227,,
Akshay,,qnqfmqoftcjajwrwnl@miucce.com,1004,228,,
Akshay,,qnqfmqoftcjajwrwnl@miucce.com,1005,229,,
Akshay,,qnqfmqoftcjajwrwnl@miucce.com,1006,230,,
Akshay,,qnqfmqoftcjajwrwnl@miucce.com,1007,231,,
Akshay,,qnqfmqoftcjajwrwnl@miucce.com,1008,232,,
Akshay,,qnqfmqoftcjajwrwnl@miucce.com,1009,233,,
Akshay,,qnqfmqoftcjajwrwnl@miucce.com,1010,234,,
Akshay,,qnqfmqoftcjajwrwnl@miucce.com,1011,235,,
Akshay,,qnqfmqoftcjajwrwnl@miucce.com,1012,236,,
Akshay,,qnqfmqoftcjajwrwnl@miucce.com,1013,237,,
Akshay,,qnqfmqoftcjajwrwnl@miucce.com,1014,238,,
Akshay,,qnqfmqoftcjajwrwnl@miucce.com,1015,239,,
Akshay,,qnqfmqoftcjajwrwnl@miucce.com,1016,240,,
Akshay,,qnqfmqoftcjajwrwnl@miucce.com,1017,241,,
Akshay,,qnqfmqoftcjajwrwnl@miucce.com,1018,242,,
Akshay,,qnqfmqoftcjajwrwnl@miucce.com,1019,243,,
Akshay,,qnqfmqoftcjajwrwnl@miucce.com,1020,244,,
Akshay,,qnqfmqoftcjajwrwnl@miucce.com,1021,245,,
Akshay,,qnqfmqoftcjajwrwnl@miucce.com,1022,246,,
Akshay,,qnqfmqoftcjajwrwnl@miucce.com,1023,247,,
Akshay,,qnqfmqoftcjajwrwnl@miucce.com,1024,248,,
Akshay,,qnqfmqoftcjajwrwnl@miucce.com,1025,249,,
Akshay,,qnqfmqoftcjajwrwnl@miucce.com,1026,250,,
Akshay,,qnqfmqoftcjajwrwnl@miucce.com,1027,251,,
Akshay,,qnqfmqoftcjajwrwnl@miucce.com,1028,252,,
Akshay,,qnqfmqoftcjajwrwnl@miucce.com,1029,253,,
Akshay,,qnqfmqoftcjajwrwnl@miucce.com,1030,254,,
Akshay,,qnqfmqoftcjajwrwnl@miucce.com,1031,255,,
Akshay,,qnqfmqoftcjajwrwnl@miucce.com,1032,256,,
Akshay,,qnqfmqoftcjajwrwnl@miucce.com,1033,257,,
Akshay,,qnqfmqoftcjajwrwnl@miucce.com,1034,258,,
Akshay,,qnqfmqoftcjajwrwnl@miucce.com,1035,259,,
Akshay,,qnqfmqoftcjajwrwnl@miucce.com,1036,260,,
Akshay,,qnqfmqoftcjajwrwnl@miucce.com,1037,261,,
Akshay,,qnqfmqoftcjajwrwnl@miucce.com,1038,262,,
Akshay,,qnqfmqoftcjajwrwnl@miucce.com,1039,263,,
Akshay,,qnqfmqoftcjajwrwnl@miucce.com,1040,264,,
Akshay,,qnqfmqoftcjajwrwnl@miucce.com,1041,265,,
Akshay,,qnqfmqoftcjajwrwnl@miucce.com,1042,266,,
Akshay,,qnqfmqoftcjajwrwnl@miucce.com,1043,267,,
Akshay,,qnqfmqoftcjajwrwnl@miucce.com,1044,268,,
Akshay,,qnqfmqoftcjajwrwnl@miucce.com,1045,269,,
Akshay,,qnqfmqoftcjajwrwnl@miucce.com,1046,270,,
Akshay,,qnqfmqoftcjajwrwnl@miucce.com,1047,271,,
Akshay,,qnqfmqoftcjajwrwnl@miucce.com,1048,272,,
Akshay,,qnqfmqoftcjajwrwnl@miucce.com,1049,273,,
Akshay,,qnqfmqoftcjajwrwnl@miucce.com,1050,274,,
Akshay,,qnqfmqoftcjajwrwnl@miucce.com,1051,275,,
Akshay,,qnqfmqoftcjajwrwnl@miucce.com,1052,276,,
Akshay,,qnqfmqoftcjajwrwnl@miucce.com,1053,277,,
Akshay,,qnqfmqoftcjajwrwnl@miucce.com,1054,278,,
Akshay,,qnqfmqoftcjajwrwnl@miucce.com,1055,279,,
Akshay,,qnqfmqoftcjajwrwnl@miucce.com,1056,280,,
Akshay,,qnqfmqoftcjajwrwnl@miucce.com,1057,281,,
Akshay,,qnqfmqoftcjajwrwnl@miucce.com,1058,282,,
Akshay,,qnqfmqoftcjajwrwnl@miucce.com,1059,283,,
Akshay,,qnqfmqoftcjajwrwnl@miucce.com,1060,284,,
Akshay,,qnqfmqoftcjajwrwnl@miucce.com,1061,285,,
Akshay,,qnqfmqoftcjajwrwnl@miucce.com,1062,286,,
Akshay,,qnqfmqoftcjajwrwnl@miucce.com,1063,287,,
Akshay,,qnqfmqoftcjajwrwnl@miucce.com,1064,288,,
Akshay,,qnqfmqoftcjajwrwnl@miucce.com,1065,289,,
Akshay,,qnqfmqoftcjajwrwnl@miucce.com,1066,290,,
Akshay,,qnqfmqoftcjajwrwnl@miucce.com,1067,291,,
Akshay,,qnqfmqoftcjajwrwnl@miucce.com,1068,292,,
Akshay,,qnqfmqoftcjajwrwnl@miucce.com,1069,293,,
Akshay,,qnqfmqoftcjajwrwnl@miucce.com,1070,294,,
Akshay,,qnqfmqoftcjajwrwnl@miucce.com,1071,295,,
Akshay,,qnqfmqoftcjajwrwnl@miucce.com,1072,296,,
Akshay,,qnqfmqoftcjajwrwnl@miucce.com,1073,297,,
Akshay,,qnqfmqoftcjajwrwnl@miucce.com,1074,298,,
Akshay,,qnqfmqoftcjajwrwnl@miucce.com,1075,299,,
Akshay,,qnqfmqoftcjajwrwnl@miucce.com,1076,300,,
Akshay,,qnqfmqoftcjajwrwnl@miucce.com,1077,301,,
Akshay,,qnqfmqoftcjajwrwnl@miucce.com,1078,302,,
Akshay,,qnqfmqoftcjajwrwnl@miucce.com,1079,303,,
Akshay,,qnqfmqoftcjajwrwnl@miucce.com,1080,304,,
Akshay,,qnqfmqoftcjajwrwnl@miucce.com,1081,305,,
Akshay,,qnqfmqoftcjajwrwnl@miucce.com,1082,306,,
Akshay,,qnqfmqoftcjajwrwnl@miucce.com,1083,307,,
Akshay,,qnqfmqoftcjajwrwnl@miucce.com,1084,308,,
Akshay,,qnqfmqoftcjajwrwnl@miucce.com,1085,309,,
Akshay,,qnqfmqoftcjajwrwnl@miucce.com,1086,310,,
Akshay,,qnqfmqoftcjajwrwnl@miucce.com,1087,311,,
Akshay,,qnqfmqoftcjajwrwnl@miucce.com,1088,312,,
Akshay,,qnqfmqoftcjajwrwnl@miucce.com,1089,313,,
Akshay,,qnqfmqoftcjajwrwnl@miucce.com,1090,314,,
Akshay,,qnqfmqoftcjajwrwnl@miucce.com,1091,315,,
Akshay,,qnqfmqoftcjajwrwnl@miucce.com,1092,316,,
Akshay,,qnqfmqoftcjajwrwnl@miucce.com,1093,317,,
Akshay,,qnqfmqoftcjajwrwnl@miucce.com,1094,318,,
Akshay,,qnqfmqoftcjajwrwnl@miucce.com,1095,319,,
Akshay,,qnqfmqoftcjajwrwnl@miucce.com,1096,320,,
Akshay,,qnqfmqoftcjajwrwnl@miucce.com,1097,321,,
Akshay,,qnqfmqoftcjajwrwnl@miucce.com,1098,322,,
Akshay,,qnqfmqoftcjajwrwnl@miucce.com,1099,323,,
Akshay,,qnqfmqoftcjajwrwnl@miucce.com,1100,324,,
Akshay,,qnqfmqoftcjajwrwnl@miucce.com,1101,325,,
Akshay,,qnqfmqoftcjajwrwnl@miucce.com,1102,326,,
Akshay,,qnqfmqoftcjajwrwnl@miucce.com,1103,327,,
Akshay,,qnqfmqoftcjajwrwnl@miucce.com,1104,328,,
Akshay,,qnqfmqoftcjajwrwnl@miucce.com,1105,329,,
Akshay,,qnqfmqoftcjajwrwnl@miucce.com,1106,330,,
Akshay,,qnqfmqoftcjajwrwnl@miucce.com,1107,331,,
Akshay,,qnqfmqoftcjajwrwnl@miucce.com,1108,332,,
Akshay,,qnqfmqoftcjajwrwnl@miucce.com,1109,333,,
Akshay,,qnqfmqoftcjajwrwnl@miucce.com,1110,334,,
Akshay,,qnqfmqoftcjajwrwnl@miucce.com,1111,335,,
Akshay,,qnqfmqoftcjajwrwnl@miucce.com,1112,336,,
Akshay,,qnqfmqoftcjajwrwnl@miucce.com,1113,337,,
Akshay,,qnqfmqoftcjajwrwnl@miucce.com,1114,338,,
Akshay,,qnqfmqoftcjajwrwnl@miucce.com,1115,339,,
Akshay,,qnqfmqoftcjajwrwnl@miucce.com,1116,340,,
Akshay,,qnqfmqoftcjajwrwnl@miucce.com,1117,341,,
Akshay,,qnqfmqoftcjajwrwnl@miucce.com,1118,342,,
Akshay,,qnqfmqoftcjajwrwnl@miucce.com,1119,343,,
Akshay,,qnqfmqoftcjajwrwnl@miucce.com,1120,344,,
Akshay,,qnqfmqoftcjajwrwnl@miucce.com,1121,345,,
Akshay,,qnqfmqoftcjajwrwnl@miucce.com,1122,346,,
Akshay,,qnqfmqoftcjajwrwnl@miucce.com,1123,347,,
Akshay,,qnqfmqoftcjajwrwnl@miucce.com,1124,348,,
Akshay,,qnqfmqoftcjajwrwnl@miucce.com,1125,349,,
Akshay,,qnqfmqoftcjajwrwnl@miucce.com,1126,350,,
Akshay,,qnqfmqoftcjajwrwnl@miucce.com,1127,351,,
Akshay,,qnqfmqoftcjajwrwnl@miucce.com,1128,352,,
Akshay,,qnqfmqoftcjajwrwnl@miucce.com,1129,353,,
Akshay,,qnqfmqoftcjajwrwnl@miucce.com,1130,354,,
Akshay,,qnqfmqoftcjajwrwnl@miucce.com,1131,355,,
Akshay,,qnqfmqoftcjajwrwnl@miucce.com,1132,356,,
Akshay,,qnqfmqoftcjajwrwnl@miucce.com,1133,357,,
Akshay,,qnqfmqoftcjajwrwnl@miucce.com,1134,358,,
Akshay,,qnqfmqoftcjajwrwnl@miucce.com,1135,359,,
Akshay,,qnqfmqoftcjajwrwnl@miucce.com,1136,360,,
Akshay,,qnqfmqoftcjajwrwnl@miucce.com,1137,361,,
Akshay,,qnqfmqoftcjajwrwnl@miucce.com,1138,362,,
Akshay,,qnqfmqoftcjajwrwnl@miucce.com,1139,363,,
Akshay,,qnqfmqoftcjajwrwnl@miucce.com,1140,364,,
Akshay,,qnqfmqoftcjajwrwnl@miucce.com,1141,365,,
Akshay,,qnqfmqoftcjajwrwnl@miucce.com,1142,366,,
Akshay,,qnqfmqoftcjajwrwnl@miucce.com,1143,367,,
Akshay,,qnqfmqoftcjajwrwnl@miucce.com,1144,368,,
Akshay,,qnqfmqoftcjajwrwnl@miucce.com,1145,369,,
Akshay,,qnqfmqoftcjajwrwnl@miucce.com,1146,370,,
Akshay,,qnqfmqoftcjajwrwnl@miucce.com,1147,371,,
Akshay,,qnqfmqoftcjajwrwnl@miucce.com,1148,372,,
Akshay,,qnqfmqoftcjajwrwnl@miucce.com,1149,373,,
Akshay,,qnqfmqoftcjajwrwnl@miucce.com,1150,374,,
Akshay,,qnqfmqoftcjajwrwnl@miucce.com,1151,375,,
Akshay,,qnqfmqoftcjajwrwnl@miucce.com,1152,376,,
Akshay,,qnqfmqoftcjajwrwnl@miucce.com,1153,377,,
Akshay,,qnqfmqoftcjajwrwnl@miucce.com,1154,378,,
Akshay,,qnqfmqoftcjajwrwnl@miucce.com,1155,379,,
Akshay,,qnqfmqoftcjajwrwnl@miucce.com,1156,380,,
Akshay,,qnqfmqoftcjajwrwnl@miucce.com,1157,381,,
Akshay,,qnqfmqoftcjajwrwnl@miucce.com,1158,382,,
Akshay,,qnqfmqoftcjajwrwnl@miucce.com,1159,383,,
Akshay,,qnqfmqoftcjajwrwnl@miucce.com,1160,384,,
Akshay,,qnqfmqoftcjajwrwnl@miucce.com,1161,385,,
Akshay,,qnqfmqoftcjajwrwnl@miucce.com,1162,386,,
Akshay,,qnqfmqoftcjajwrwnl@miucce.com,1163,387,,
Akshay,,qnqfmqoftcjajwrwnl@miucce.com,1164,388,,
Akshay,,qnqfmqoftcjajwrwnl@miucce.com,1165,389,,
Akshay,,qnqfmqoftcjajwrwnl@miucce.com,1166,390,,
Akshay,,qnqfmqoftcjajwrwnl@miucce.com,1167,391,,
Akshay,,qnqfmqoftcjajwrwnl@miucce.com,1168,392,,
Akshay,,qnqfmqoftcjajwrwnl@miucce.com,1169,393,,
Akshay,,qnqfmqoftcjajwrwnl@miucce.com,1170,394,,
Akshay,,qnqfmqoftcjajwrwnl@miucce.com,1171,395,,
Akshay,,qnqfmqoftcjajwrwnl@miucce.com,1172,396,,
Akshay,,qnqfmqoftcjajwrwnl@miucce.com,1173,397,,
Akshay,,qnqfmqoftcjajwrwnl@miucce.com,1174,398,,
Akshay,,qnqfmqoftcjajwrwnl@miucce.com,1175,399,,
Akshay,,qnqfmqoftcjajwrwnl@miucce.com,1176,400,,
Akshay,,qnqfmqoftcjajwrwnl@miucce.com,1177,401,,
Akshay,,qnqfmqoftcjajwrwnl@miucce.com,1178,402,,
Akshay,,qnqfmqoftcjajwrwnl@miucce.com,1179,403,,
Akshay,,qnqfmqoftcjajwrwnl@miucce.com,1180,404,,
Akshay,,qnqfmqoftcjajwrwnl@miucce.com,1181,405,,
Akshay,,qnqfmqoftcjajwrwnl@miucce.com,1182,406,,
Akshay,,qnqfmqoftcjajwrwnl@miucce.com,1183,407,,
Akshay,,qnqfmqoftcjajwrwnl@miucce.com,1184,408,,
Akshay,,qnqfmqoftcjajwrwnl@miucce.com,1185,409,,
Akshay,,qnqfmqoftcjajwrwnl@miucce.com,1186,410,,
Akshay,,qnqfmqoftcjajwrwnl@miucce.com,1187,411,,
Akshay,,qnqfmqoftcjajwrwnl@miucce.com,1188,412,,
Akshay,,qnqfmqoftcjajwrwnl@miucce.com,1189,413,,
Akshay,,qnqfmqoftcjajwrwnl@miucce.com,1190,414,,
Akshay,,qnqfmqoftcjajwrwnl@miucce.com,1191,415,,
Akshay,,qnqfmqoftcjajwrwnl@miucce.com,1192,416,,
Akshay,,qnqfmqoftcjajwrwnl@miucce.com,1193,417,,
Akshay,,qnqfmqoftcjajwrwnl@miucce.com,1194,418,,
Akshay,,qnqfmqoftcjajwrwnl@miucce.com,1195,419,,
Akshay,,qnqfmqoftcjajwrwnl@miucce.com,1196,420,,
Akshay,,qnqfmqoftcjajwrwnl@miucce.com,1197,421,,
Akshay,,qnqfmqoftcjajwrwnl@miucce.com,1198,422,,
Akshay,,qnqfmqoftcjajwrwnl@miucce.com,1199,423,,
Akshay,,qnqfmqoftcjajwrwnl@miucce.com,1200,424,,
Akshay,,qnqfmqoftcjajwrwnl@miucce.com,1201,425,,
Akshay,,qnqfmqoftcjajwrwnl@miucce.com,1202,426,,
Akshay,,qnqfmqoftcjajwrwnl@miucce.com,1203,427,,
Akshay,,qnqfmqoftcjajwrwnl@miucce.com,1204,428,,
Akshay,,qnqfmqoftcjajwrwnl@miucce.com,1205,429,,
Akshay,,qnqfmqoftcjajwrwnl@miucce.com,1206,430,,
Akshay,,qnqfmqoftcjajwrwnl@miucce.com,1207,431,,
Akshay,,qnqfmqoftcjajwrwnl@miucce.com,1208,432,,
Akshay,,qnqfmqoftcjajwrwnl@miucce.com,1209,433,,
Akshay,,qnqfmqoftcjajwrwnl@miucce.com,1210,434,,
Akshay,,qnqfmqoftcjajwrwnl@miucce.com,1211,435,,
Akshay,,qnqfmqoftcjajwrwnl@miucce.com,1212,436,,
Akshay,,qnqfmqoftcjajwrwnl@miucce.com,1213,437,,
Akshay,,qnqfmqoftcjajwrwnl@miucce.com,1214,438,,
Akshay,,qnqfmqoftcjajwrwnl@miucce.com,1215,439,,
Akshay,,qnqfmqoftcjajwrwnl@miucce.com,1216,440,,
Akshay,,qnqfmqoftcjajwrwnl@miucce.com,1217,441,,
Akshay,,qnqfmqoftcjajwrwnl@miucce.com,1218,442,,
Akshay,,qnqfmqoftcjajwrwnl@miucce.com,1219,443,,
Akshay,,qnqfmqoftcjajwrwnl@miucce.com,1220,444,,
Akshay,,qnqfmqoftcjajwrwnl@miucce.com,1221,445,,
Akshay,,qnqfmqoftcjajwrwnl@miucce.com,1222,446,,
Akshay,,qnqfmqoftcjajwrwnl@miucce.com,1223,447,,
Akshay,,qnqfmqoftcjajwrwnl@miucce.com,1224,448,,
Akshay,,qnqfmqoftcjajwrwnl@miucce.com,1225,449,,
Akshay,,qnqfmqoftcjajwrwnl@miucce.com,1226,450,,
Akshay,,qnqfmqoftcjajwrwnl@miucce.com,1227,451,,
Akshay,,qnqfmqoftcjajwrwnl@miucce.com,1228,452,,
Akshay,,qnqfmqoftcjajwrwnl@miucce.com,1229,453,,
Akshay,,qnqfmqoftcjajwrwnl@miucce.com,1230,454,,
Akshay,,qnqfmqoftcjajwrwnl@miucce.com,1231,455,,
Akshay,,qnqfmqoftcjajwrwnl@miucce.com,1232,456,,
Akshay,,qnqfmqoftcjajwrwnl@miucce.com,1233,457,,
Akshay,,qnqfmqoftcjajwrwnl@miucce.com,1234,458,,
Akshay,,qnqfmqoftcjajwrwnl@miucce.com,1235,459,,
Akshay,,qnqfmqoftcjajwrwnl@miucce.com,1236,460,,
Akshay,,qnqfmqoftcjajwrwnl@miucce.com,1237,461,,
Akshay,,qnqfmqoftcjajwrwnl@miucce.com,1238,462,,
Akshay,,qnqfmqoftcjajwrwnl@miucce.com,1239,463,,
Akshay,,qnqfmqoftcjajwrwnl@miucce.com,1240,464,,
Akshay,,qnqfmqoftcjajwrwnl@miucce.com,1241,465,,
Akshay,,qnqfmqoftcjajwrwnl@miucce.com,1242,466,,
Akshay,,qnqfmqoftcjajwrwnl@miucce.com,1243,467,,
Akshay,,qnqfmqoftcjajwrwnl@miucce.com,1244,468,,
Akshay,,qnqfmqoftcjajwrwnl@miucce.com,1245,469,,
Akshay,,qnqfmqoftcjajwrwnl@miucce.com,1246,470,,
Akshay,,qnqfmqoftcjajwrwnl@miucce.com,1247,471,,
Akshay,,qnqfmqoftcjajwrwnl@miucce.com,1248,472,,
Akshay,,qnqfmqoftcjajwrwnl@miucce.com,1249,473,,
Akshay,,qnqfmqoftcjajwrwnl@miucce.com,1250,474,,
Akshay,,qnqfmqoftcjajwrwnl@miucce.com,1251,475,,
Akshay,,qnqfmqoftcjajwrwnl@miucce.com,1252,476,,
Akshay,,qnqfmqoftcjajwrwnl@miucce.com,1253,477,,
Akshay,,qnqfmqoftcjajwrwnl@miucce.com,1254,478,,
Akshay,,qnqfmqoftcjajwrwnl@miucce.com,1255,479,,
Akshay,,qnqfmqoftcjajwrwnl@miucce.com,1256,480,,
Akshay,,qnqfmqoftcjajwrwnl@miucce.com,1257,481,,
Akshay,,qnqfmqoftcjajwrwnl@miucce.com,1258,482,,
Akshay,,qnqfmqoftcjajwrwnl@miucce.com,1259,483,,
Akshay,,qnqfmqoftcjajwrwnl@miucce.com,1260,484,,
Akshay,,qnqfmqoftcjajwrwnl@miucce.com,1261,485,,
Akshay,,qnqfmqoftcjajwrwnl@miucce.com,1262,486,,
Akshay,,qnqfmqoftcjajwrwnl@miucce.com,1263,487,,
Akshay,,qnqfmqoftcjajwrwnl@miucce.com,1264,488,,
Akshay,,qnqfmqoftcjajwrwnl@miucce.com,1265,489,,
Akshay,,qnqfmqoftcjajwrwnl@miucce.com,1266,490,,
Akshay,,qnqfmqoftcjajwrwnl@miucce.com,1267,491,,
Akshay,,qnqfmqoftcjajwrwnl@miucce.com,1268,492,,
Akshay,,qnqfmqoftcjajwrwnl@miucce.com,1269,493,,
Akshay,,qnqfmqoftcjajwrwnl@miucce.com,1270,494,,
Akshay,,qnqfmqoftcjajwrwnl@miucce.com,1271,495,,
Akshay,,qnqfmqoftcjajwrwnl@miucce.com,1272,496,,
Akshay,,qnqfmqoftcjajwrwnl@miucce.com,1273,497,,
Akshay,,qnqfmqoftcjajwrwnl@miucce.com,1274,498,,
Akshay,,qnqfmqoftcjajwrwnl@miucce.com,1275,499,,
Akshay,,qnqfmqoftcjajwrwnl@miucce.com,1276,500,,
Akshay,,qnqfmqoftcjajwrwnl@miucce.com,1277,501,,
Akshay,,qnqfmqoftcjajwrwnl@miucce.com,1278,502,,
Akshay,,qnqfmqoftcjajwrwnl@miucce.com,1279,503,,
Akshay,,qnqfmqoftcjajwrwnl@miucce.com,1280,504,,
Akshay,,qnqfmqoftcjajwrwnl@miucce.com,1281,505,,
Akshay,,qnqfmqoftcjajwrwnl@miucce.com,1282,506,,
Akshay,,qnqfmqoftcjajwrwnl@miucce.com,1283,507,,
Akshay,,qnqfmqoftcjajwrwnl@miucce.com,1284,508,,
Akshay,,qnqfmqoftcjajwrwnl@miucce.com,1285,509,,
Akshay,,qnqfmqoftcjajwrwnl@miucce.com,1286,510,,
Akshay,,qnqfmqoftcjajwrwnl@miucce.com,1287,511,,
Akshay,,qnqfmqoftcjajwrwnl@miucce.com,1288,512,,
Akshay,,qnqfmqoftcjajwrwnl@miucce.com,1289,513,,
Akshay,,qnqfmqoftcjajwrwnl@miucce.com,1290,514,,
Akshay,,qnqfmqoftcjajwrwnl@miucce.com,1291,515,,
Akshay,,qnqfmqoftcjajwrwnl@miucce.com,1292,516,,
Akshay,,qnqfmqoftcjajwrwnl@miucce.com,1293,517,,
Akshay,,qnqfmqoftcjajwrwnl@miucce.com,1294,518,,
Akshay,,qnqfmqoftcjajwrwnl@miucce.com,1295,519,,
Akshay,,qnqfmqoftcjajwrwnl@miucce.com,1296,520,,
Akshay,,qnqfmqoftcjajwrwnl@miucce.com,1297,521,,
Akshay,,qnqfmqoftcjajwrwnl@miucce.com,1298,522,,
Akshay,,qnqfmqoftcjajwrwnl@miucce.com,1299,523,,
Akshay,,qnqfmqoftcjajwrwnl@miucce.com,1300,524,,
Akshay,,qnqfmqoftcjajwrwnl@miucce.com,1301,525,,
Akshay,,qnqfmqoftcjajwrwnl@miucce.com,1302,526,,
Akshay,,qnqfmqoftcjajwrwnl@miucce.com,1303,527,,
Akshay,,qnqfmqoftcjajwrwnl@miucce.com,1304,528,,
Akshay,,qnqfmqoftcjajwrwnl@miucce.com,1305,529,,
Akshay,,qnqfmqoftcjajwrwnl@miucce.com,1306,530,,
Akshay,,qnqfmqoftcjajwrwnl@miucce.com,1307,531,,
Akshay,,qnqfmqoftcjajwrwnl@miucce.com,1308,532,,
Akshay,,qnqfmqoftcjajwrwnl@miucce.com,1309,533,,
Akshay,,qnqfmqoftcjajwrwnl@miucce.com,1310,534,,
Akshay,,qnqfmqoftcjajwrwnl@miucce.com,1311,535,,
Akshay,,qnqfmqoftcjajwrwnl@miucce.com,1312,536,,
Akshay,,qnqfmqoftcjajwrwnl@miucce.com,1313,537,,
Akshay,,qnqfmqoftcjajwrwnl@miucce.com,1314,538,,
Akshay,,qnqfmqoftcjajwrwnl@miucce.com,1315,539,,
Akshay,,qnqfmqoftcjajwrwnl@miucce.com,1316,540,,
Akshay,,qnqfmqoftcjajwrwnl@miucce.com,1317,541,,
Akshay,,qnqfmqoftcjajwrwnl@miucce.com,1318,542,,
Akshay,,qnqfmqoftcjajwrwnl@miucce.com,1319,543,,
Akshay,,qnqfmqoftcjajwrwnl@miucce.com,1320,544,,
Akshay,,qnqfmqoftcjajwrwnl@miucce.com,1321,545,,
Akshay,,qnqfmqoftcjajwrwnl@miucce.com,1322,546,,
Akshay,,qnqfmqoftcjajwrwnl@miucce.com,1323,547,,
Akshay,,qnqfmqoftcjajwrwnl@miucce.com,1324,548,,
Akshay,,qnqfmqoftcjajwrwnl@miucce.com,1325,549,,
Akshay,,qnqfmqoftcjajwrwnl@miucce.com,1326,550,,
Akshay,,qnqfmqoftcjajwrwnl@miucce.com,1327,551,,
Akshay,,qnqfmqoftcjajwrwnl@miucce.com,1328,552,,
Akshay,,qnqfmqoftcjajwrwnl@miucce.com,1329,553,,
Akshay,,qnqfmqoftcjajwrwnl@miucce.com,1330,554,,
Akshay,,qnqfmqoftcjajwrwnl@miucce.com,1331,555,,
Akshay,,qnqfmqoftcjajwrwnl@miucce.com,1332,556,,
Akshay,,qnqfmqoftcjajwrwnl@miucce.com,1333,557,,
Akshay,,qnqfmqoftcjajwrwnl@miucce.com,1334,558,,
Akshay,,qnqfmqoftcjajwrwnl@miucce.com,1335,559,,
Akshay,,qnqfmqoftcjajwrwnl@miucce.com,1336,560,,
Akshay,,qnqfmqoftcjajwrwnl@miucce.com,1337,561,,
Akshay,,qnqfmqoftcjajwrwnl@miucce.com,1338,562,,
Akshay,,qnqfmqoftcjajwrwnl@miucce.com,1339,563,,
Akshay,,qnqfmqoftcjajwrwnl@miucce.com,1340,564,,
Akshay,,qnqfmqoftcjajwrwnl@miucce.com,1341,565,,
Akshay,,qnqfmqoftcjajwrwnl@miucce.com,1342,566,,
Akshay,,qnqfmqoftcjajwrwnl@miucce.com,1343,567,,
Akshay,,qnqfmqoftcjajwrwnl@miucce.com,1344,568,,
Akshay,,qnqfmqoftcjajwrwnl@miucce.com,1345,569,,
Akshay,,qnqfmqoftcjajwrwnl@miucce.com,1346,570,,
Akshay,,qnqfmqoftcjajwrwnl@miucce.com,1347,571,,
Akshay,,qnqfmqoftcjajwrwnl@miucce.com,1348,572,,
Akshay,,qnqfmqoftcjajwrwnl@miucce.com,1349,573,,
Akshay,,qnqfmqoftcjajwrwnl@miucce.com,1350,574,,
Akshay,,qnqfmqoftcjajwrwnl@miucce.com,1351,575,,
Akshay,,qnqfmqoftcjajwrwnl@miucce.com,1352,576,,
Akshay,,qnqfmqoftcjajwrwnl@miucce.com,1353,577,,
Akshay,,qnqfmqoftcjajwrwnl@miucce.com,1354,578,,
Akshay,,qnqfmqoftcjajwrwnl@miucce.com,1355,579,,
Akshay,,qnqfmqoftcjajwrwnl@miucce.com,1356,580,,
Akshay,,qnqfmqoftcjajwrwnl@miucce.com,1357,581,,
Akshay,,qnqfmqoftcjajwrwnl@miucce.com,1358,582,,
Akshay,,qnqfmqoftcjajwrwnl@miucce.com,1359,583,,
Akshay,,qnqfmqoftcjajwrwnl@miucce.com,1360,584,,
Akshay,,qnqfmqoftcjajwrwnl@miucce.com,1361,585,,
Akshay,,qnqfmqoftcjajwrwnl@miucce.com,1362,586,,
Akshay,,qnqfmqoftcjajwrwnl@miucce.com,1363,587,,
Akshay,,qnqfmqoftcjajwrwnl@miucce.com,1364,588,,
Akshay,,qnqfmqoftcjajwrwnl@miucce.com,1365,589,,
Akshay,,qnqfmqoftcjajwrwnl@miucce.com,1366,590,,
Akshay,,qnqfmqoftcjajwrwnl@miucce.com,1367,591,,
Akshay,,qnqfmqoftcjajwrwnl@miucce.com,1368,592,,
Akshay,,qnqfmqoftcjajwrwnl@miucce.com,1369,593,,
Akshay,,qnqfmqoftcjajwrwnl@miucce.com,1370,594,,
Akshay,,qnqfmqoftcjajwrwnl@miucce.com,1371,595,,
Akshay,,qnqfmqoftcjajwrwnl@miucce.com,1372,596,,
Akshay,,qnqfmqoftcjajwrwnl@miucce.com,1373,597,,
Akshay,,qnqfmqoftcjajwrwnl@miucce.com,1374,598,,
Akshay,,qnqfmqoftcjajwrwnl@miucce.com,1375,599,,
